day-of-week,mean-n
Tue,951.3584905660377
Wed,962.6923076923077
Thu,965.75
Fri,967.4615384615385
Sat,744.6153846153846
Sun,891.4807692307693
Mon,974.8076923076923
